contrast,metric,vs_best_single,diff,p_raw,p_BH,p_Bonf,win_BH,win_Bonf
zavg:MEXA_TabFM,roc_auc,HINT,-0.0748,0.0013,0.0312,0.0312,False,False
rank:MEXA_TabFM,roc_auc,HINT,-0.0571,0.006,0.064,0.144,False,False
zavg:MEXA_TabFM,pr_auc,TabFM,-0.0274,0.008,0.064,0.192,False,False
stack:HINT_TabFM,roc_auc,HINT,0.0164,0.0207,0.1242,0.4968,False,False
zavg:HINT_TabFM,pr_auc,TabFM,0.0124,0.0387,0.169,0.9288,False,False
rank:MEXA_TabFM,pr_auc,TabFM,-0.0187,0.046,0.169,1.0,False,False
zavg:HINT_TabFM,roc_auc,HINT,0.0166,0.0493,0.169,1.0,False,False
stack:HINT_MEXA_TabFM,roc_auc,HINT,0.0144,0.0567,0.1701,1.0,False,False
stack:HINT_MEXA_TabFM,pr_auc,TabFM,0.0137,0.064,0.1707,1.0,False,False
stack:HINT_TabFM,pr_auc,TabFM,0.0117,0.0813,0.1951,1.0,False,False
nnls:HINT_TabFM,pr_auc,TabFM,0.0093,0.1027,0.2106,1.0,False,False
rank:HINT_TabFM,pr_auc,TabFM,0.0093,0.1053,0.2106,1.0,False,False
rank:HINT_TabFM,roc_auc,HINT,0.0122,0.1767,0.3051,1.0,False,False
nnls:HINT_TabFM,roc_auc,HINT,0.0122,0.1793,0.3051,1.0,False,False
nnls:HINT_MEXA_TabFM,pr_auc,TabFM,0.009,0.1907,0.3051,1.0,False,False
nnls:MEXA_TabFM,roc_auc,HINT,-0.022,0.2267,0.34,1.0,False,False
nnls:HINT_MEXA_TabFM,roc_auc,HINT,0.01,0.3113,0.4373,1.0,False,False
stack:MEXA_TabFM,roc_auc,HINT,-0.0176,0.328,0.4373,1.0,False,False
zavg:HINT_MEXA_TabFM,roc_auc,HINT,-0.0081,0.5013,0.6332,1.0,False,False
rank:HINT_MEXA_TabFM,roc_auc,HINT,-0.0046,0.6913,0.8131,1.0,False,False
nnls:MEXA_TabFM,pr_auc,TabFM,-0.0017,0.7147,0.8131,1.0,False,False
rank:HINT_MEXA_TabFM,pr_auc,TabFM,0.0027,0.7453,0.8131,1.0,False,False
zavg:HINT_MEXA_TabFM,pr_auc,TabFM,0.0023,0.8207,0.8564,1.0,False,False
stack:MEXA_TabFM,pr_auc,TabFM,0.0005,0.936,0.936,1.0,False,False
