nctid,score,label,split
NCT00174785,0.3572472333908081,1,valid
NCT00086346,0.70505291223526,0,valid
NCT00428389,0.3683077096939087,0,valid
NCT00280566,0.8010612726211548,1,valid
NCT00696631,0.368650883436203,0,valid
NCT00317642,0.4584779739379883,0,valid
NCT00133224,0.46844837069511414,0,valid
NCT01169779,0.8572675585746765,1,valid
NCT02728622,0.5140678286552429,1,valid
NCT01378533,0.39026832580566406,1,valid
NCT00738881,0.34981411695480347,0,valid
NCT01829243,0.9119599461555481,0,valid
NCT00151424,0.8212286233901978,0,valid
NCT01440569,0.7765752673149109,1,valid
NCT01244815,0.6080172061920166,1,valid
NCT00649025,0.8605801463127136,1,valid
NCT01134393,0.8732244372367859,1,valid
NCT00300755,0.7789650559425354,1,valid
NCT00598806,0.3809671103954315,0,valid
NCT00216476,0.7107526063919067,1,valid
NCT00345618,0.8056459426879883,1,valid
NCT00391222,0.8003284931182861,1,valid
NCT01419197,0.39122211933135986,1,valid
NCT01947855,0.8583414554595947,1,valid
NCT00768300,0.3116023540496826,0,valid
NCT00090051,0.8253713250160217,1,valid
NCT00603291,0.810230016708374,1,valid
NCT01064687,0.8574856519699097,1,valid
NCT00264550,0.8580715656280518,1,valid
NCT00128531,0.46910348534584045,1,valid
NCT00724048,0.7682092785835266,0,valid
NCT00670501,0.9413729310035706,0,valid
NCT00251719,0.9044040441513062,1,valid
NCT00490919,0.6814353466033936,1,valid
NCT00362206,0.9091942310333252,1,valid
NCT00427362,0.9462205171585083,1,valid
NCT01104779,0.8205299377441406,1,valid
NCT00098124,0.9115190505981445,1,valid
NCT00361504,0.7715334296226501,1,valid
NCT00628862,0.8806564807891846,1,valid
NCT00413764,0.755129873752594,1,valid
NCT00254891,0.38481244444847107,0,valid
NCT00365352,0.9294024705886841,1,valid
NCT00605280,0.49627208709716797,1,valid
NCT01355367,0.8739006519317627,1,valid
NCT00415246,0.46952512860298157,0,valid
NCT00451412,0.7726449966430664,1,valid
NCT00289978,0.7272131443023682,1,valid
NCT00402987,0.6730379462242126,1,valid
NCT01358526,0.6822265386581421,1,valid
NCT01412944,0.9710580110549927,0,valid
NCT00367237,0.9458841681480408,1,valid
NCT00326053,0.8610822558403015,0,valid
NCT00384189,0.8605228066444397,1,valid
NCT00311363,0.9294024705886841,1,valid
NCT01630135,0.9181366562843323,1,valid
NCT01277523,0.8631168603897095,1,valid
NCT00395603,0.6168245673179626,0,valid
NCT00250679,0.7697950005531311,1,valid
NCT00114777,0.6775303483009338,1,valid
NCT00064623,0.5659183859825134,1,valid
NCT00294541,0.4244626462459564,0,valid
NCT01114737,0.7063791751861572,1,valid
NCT00004031,0.3699614703655243,1,valid
NCT00387348,0.37653258442878723,0,valid
NCT00585208,0.8062501549720764,0,valid
NCT01670032,0.8885213136672974,0,valid
NCT00621842,0.7531777024269104,1,valid
NCT00397631,0.8590585589408875,1,valid
NCT00427219,0.6229017972946167,0,valid
NCT01075282,0.8616524338722229,1,valid
NCT00220740,0.7525843977928162,1,valid
NCT00334282,0.5658875107765198,1,valid
NCT01500083,0.8244490027427673,1,valid
NCT00631319,0.535741925239563,0,valid
NCT00062673,0.678755521774292,1,valid
NCT01094964,0.3797968626022339,0,valid
NCT00306540,0.39948874711990356,1,valid
NCT01294215,0.8739006519317627,1,valid
NCT00453063,0.7268618941307068,0,valid
NCT00329238,0.7738993763923645,1,valid
NCT00544076,0.4708452522754669,0,valid
NCT00504062,0.8608272075653076,1,valid
NCT00607373,0.6498633623123169,1,valid
NCT00110214,0.4555772542953491,0,valid
NCT00314977,0.39066800475120544,0,valid
NCT00206141,0.7257210612297058,1,valid
NCT00474786,0.5613058805465698,0,valid
NCT00262769,0.5265555381774902,1,valid
NCT01143090,0.6895938515663147,1,valid
NCT00035048,0.6831002831459045,0,valid
NCT00103168,0.3483790457248688,0,valid
NCT00443690,0.3686366379261017,0,valid
NCT01229813,0.37909966707229614,0,valid
NCT00729183,0.79241544008255,1,valid
NCT00097825,0.8023876547813416,1,valid
NCT01227265,0.7879753708839417,0,valid
NCT00387010,0.6237717866897583,0,valid
NCT01320202,0.705857515335083,1,valid
NCT00260156,0.858377993106842,1,valid
NCT01026194,0.8582035303115845,1,valid
NCT00142298,0.7203900814056396,1,valid
NCT00283946,0.6458576917648315,1,valid
NCT01231516,0.552985668182373,1,valid
NCT00567164,0.7805365324020386,1,valid
NCT01468181,0.8587490916252136,1,valid
NCT00122863,0.7929843664169312,1,valid
NCT01195467,0.5530616641044617,1,valid
NCT00566631,0.8217030763626099,1,valid
NCT01529632,0.881242573261261,1,valid
NCT01606228,0.8217030763626099,1,valid
NCT00243178,0.5032600164413452,1,valid
NCT00478205,0.36946356296539307,1,valid
NCT01098539,0.8598982095718384,1,valid
NCT00058474,0.37888166308403015,0,valid
NCT01613326,0.8814042210578918,1,valid
NCT00531622,0.68526291847229,0,valid
NCT00406393,0.5060447454452515,1,valid
NCT00351169,0.6861976385116577,0,valid
NCT00003958,0.36790767312049866,0,valid
NCT01176240,0.7862480878829956,1,valid
NCT01582451,0.869710385799408,1,valid
NCT01363349,0.8219438791275024,0,valid
NCT00289848,0.8592117428779602,1,valid
NCT00519142,0.8573869466781616,1,valid
NCT00415194,0.3791191875934601,0,valid
NCT00256854,0.9269295930862427,1,valid
NCT00372216,0.6970650553703308,0,valid
NCT00003652,0.42286235094070435,0,valid
NCT00562159,0.8070093393325806,1,valid
NCT00275652,0.8045440316200256,1,valid
NCT01286935,0.7502402067184448,0,valid
NCT00444873,0.9265376925468445,1,valid
NCT00596466,0.854773759841919,1,valid
NCT00312377,0.3430686593055725,1,valid
NCT00454584,0.9725273847579956,1,valid
NCT00092989,0.8606171011924744,1,valid
NCT01157078,0.6699365973472595,0,valid
NCT00461617,0.8667209148406982,1,valid
NCT01724528,0.4777466356754303,1,valid
NCT01743729,0.7569096088409424,1,valid
NCT00486954,0.37954774498939514,0,valid
NCT00349219,0.34357866644859314,0,valid
NCT00658788,0.9713156223297119,1,valid
NCT00261326,0.7391561269760132,1,valid
NCT00273299,0.8730607032775879,1,valid
NCT00638976,0.37836501002311707,0,valid
NCT00468546,0.8597189784049988,1,valid
NCT01134705,0.9178488254547119,1,valid
NCT01523587,0.3857284486293793,1,valid
NCT00190710,0.3425733745098114,0,valid
NCT01490125,0.8813288807868958,1,valid
NCT00296517,0.6611447334289551,0,valid
NCT00331149,0.7493922710418701,1,valid
NCT00325780,0.820672333240509,1,valid
NCT00356603,0.9035763740539551,1,valid
NCT00309218,0.56699538230896,1,valid
NCT01225081,0.8582242131233215,1,valid
NCT00684216,0.3910019099712372,0,valid
NCT01248793,0.374849408864975,1,valid
NCT01361308,0.9404637217521667,0,valid
NCT00355134,0.6797751784324646,1,valid
NCT00615030,0.9003327488899231,1,valid
NCT00244426,0.3564542233943939,0,valid
NCT01530620,0.6341061592102051,1,valid
NCT00287729,0.3117222785949707,0,valid
NCT01066962,0.5530487895011902,1,valid
NCT00432679,0.8588694334030151,1,valid
NCT01604265,0.8016922473907471,1,valid
NCT00003824,0.3826591372489929,0,valid
NCT00363909,0.391223669052124,1,valid
NCT00654381,0.8572953939437866,1,valid
NCT00281320,0.8283448219299316,1,valid
NCT00398983,0.4580910801887512,0,valid
NCT00699517,0.443694531917572,0,valid
NCT00082433,0.37931838631629944,0,valid
NCT00717457,0.8565027117729187,1,valid
NCT00624052,0.8732244372367859,1,valid
NCT00365859,0.6258204579353333,1,valid
NCT00134563,0.6810192465782166,1,valid
NCT01468987,0.869710385799408,1,valid
NCT00234377,0.8219438791275024,1,valid
NCT01135992,0.8809563517570496,1,valid
NCT00199368,0.74964439868927,1,valid
NCT00321984,0.7785200476646423,1,valid
NCT01135433,0.8583391904830933,1,valid
NCT00395161,0.3847263753414154,0,valid
NCT00690898,0.9265376925468445,0,valid
NCT00509145,0.6823331713676453,1,valid
NCT00105443,0.5627058744430542,1,valid
NCT00226668,0.3949485719203949,0,valid
NCT01250379,0.39038312435150146,1,valid
NCT00400088,0.67183917760849,0,valid
NCT00687804,0.7501636147499084,1,valid
NCT00498225,0.29502934217453003,1,valid
NCT00116181,0.9738216996192932,1,valid
NCT01581203,0.8882437944412231,1,valid
NCT00406640,0.6639861464500427,1,valid
NCT00401973,0.6933133602142334,0,valid
NCT00691145,0.7172640562057495,1,valid
NCT00410761,0.7066678404808044,1,valid
NCT00049673,0.4531833529472351,0,valid
NCT00630175,0.48952293395996094,1,valid
NCT00006356,0.377981960773468,0,valid
NCT03362684,0.3789898455142975,0,valid
NCT00225797,0.5340588688850403,1,valid
NCT00109382,0.3792913854122162,0,valid
NCT00634114,0.7778918147087097,1,valid
NCT00433966,0.7041972279548645,1,valid
NCT00441545,0.7509484887123108,1,valid
NCT01072630,0.6792069673538208,0,valid
NCT00381472,0.7493922710418701,1,valid
NCT01014559,0.8406639695167542,0,valid
NCT01455415,0.6769763827323914,1,valid
NCT00195663,0.8682340979576111,1,valid
NCT01233622,0.858377993106842,1,valid
NCT01058096,0.7987616062164307,1,valid
NCT00412750,0.5795243382453918,0,valid
NCT00591266,0.8737429976463318,1,valid
NCT01672476,0.8732051849365234,1,valid
NCT01084551,0.8348423838615417,1,valid
NCT01197521,0.8592279553413391,1,valid
NCT00614939,0.8571310043334961,1,valid
NCT00325442,0.5554585456848145,0,valid
NCT00720512,0.3791446089744568,1,valid
NCT00393458,0.8805895447731018,1,valid
NCT01242748,0.4691709578037262,0,valid
NCT00626782,0.958014726638794,0,valid
NCT00698581,0.8528404831886292,0,valid
NCT00366834,0.7762144207954407,1,valid
NCT00282984,0.8589091300964355,1,valid
NCT00113607,0.3792308568954468,1,valid
NCT00710554,0.7636509537696838,1,valid
NCT00252733,0.6368728876113892,0,valid
NCT01079806,0.888118326663971,1,valid
NCT00645515,0.8224629163742065,0,valid
NCT00294359,0.3773946166038513,1,valid
NCT01134042,0.8609535694122314,1,valid
NCT00324363,0.8577204346656799,1,valid
NCT00474058,0.7506372332572937,1,valid
NCT00114101,0.5781001448631287,1,valid
NCT00228462,0.8219438791275024,1,valid
NCT01040689,0.881195068359375,1,valid
NCT01021813,0.891143262386322,1,valid
NCT00688740,0.3909955620765686,1,valid
NCT00152464,0.7178059220314026,0,valid
NCT00091572,0.4011812210083008,0,valid
NCT00191945,0.9659022688865662,1,valid
NCT00249795,0.3815731108188629,1,valid
NCT01015287,0.386678010225296,0,valid
NCT01231347,0.3700428009033203,0,valid
NCT00355615,0.8561198115348816,1,valid
NCT00506389,0.8907238841056824,1,valid
NCT00711269,0.8212409019470215,0,valid
NCT01413204,0.8584578633308411,1,valid
NCT00334126,0.8217030763626099,1,valid
NCT00137345,0.6304464340209961,0,valid
NCT00269802,0.9659792184829712,1,valid
NCT01686633,0.8608075380325317,1,valid
NCT01042977,0.7141053676605225,1,valid
NCT01270789,0.858377993106842,1,valid
NCT00602472,0.8581448793411255,1,valid
NCT00146328,0.5527985095977783,1,valid
NCT00264875,0.6635723114013672,1,valid
NCT00113568,0.8433519601821899,1,valid
NCT00312494,0.8015279769897461,0,valid
NCT00120289,0.4721737205982208,0,valid
NCT00539240,0.7779801487922668,0,valid
NCT00427713,0.37888166308403015,0,valid
NCT00003152,0.3702837824821472,0,valid
NCT00288236,0.8587105870246887,1,valid
NCT01772056,0.7169551849365234,0,valid
NCT00003941,0.4496413469314575,0,valid
NCT01159249,0.858326256275177,1,valid
NCT01902992,0.751501739025116,1,valid
NCT00534599,0.7924994230270386,0,valid
NCT00429403,0.39055490493774414,0,valid
NCT00291187,0.8905087113380432,1,valid
NCT00638690,0.4851696193218231,1,valid
NCT00418834,0.8203585147857666,1,valid
NCT00608985,0.9452323317527771,1,valid
NCT00165633,0.5587167739868164,0,valid
NCT01232283,0.9715259671211243,1,valid
NCT01780428,0.7463238835334778,1,valid
NCT00191919,0.6859418749809265,1,valid
NCT01694771,0.8816140294075012,1,valid
NCT01256450,0.7137753963470459,0,valid
NCT00537485,0.750387966632843,1,valid
NCT00683657,0.8571310043334961,1,valid
NCT00259779,0.8791312575340271,1,valid
NCT00376766,0.8546246886253357,0,valid
NCT00197197,0.5526283979415894,0,valid
NCT01358578,0.9727122187614441,1,valid
NCT01323660,0.8804504871368408,1,valid
NCT00354081,0.6843400001525879,0,valid
NCT00000614,0.5466434359550476,1,valid
NCT00088894,0.34577232599258423,0,valid
NCT00617669,0.4706011116504669,0,valid
NCT00300222,0.6550779342651367,1,valid
NCT01178996,0.6327804327011108,0,valid
NCT01189890,0.8584137558937073,1,valid
NCT00486759,0.3707117438316345,0,valid
NCT01783548,0.8273886442184448,1,valid
NCT01152190,0.7691618204116821,0,valid
NCT00002633,0.46942564845085144,1,valid
NCT00446680,0.7235268354415894,1,valid
NCT00085891,0.8219438791275024,0,valid
NCT00066703,0.39113691449165344,1,valid
NCT00378690,0.4666234850883484,1,valid
NCT00621504,0.8058880567550659,1,valid
NCT00364351,0.34361013770103455,0,valid
NCT00232596,0.7177725434303284,1,valid
NCT00463567,0.8947749137878418,1,valid
NCT00719472,0.37034791707992554,1,valid
NCT00335452,0.48328229784965515,0,valid
NCT00700817,0.8696499466896057,1,valid
NCT00399035,0.3795938193798065,0,valid
NCT01212991,0.4697651267051697,1,valid
NCT00668759,0.3559613525867462,1,valid
NCT00471146,0.3622019290924072,0,valid
NCT01319357,0.8571310043334961,1,valid
NCT01512004,0.46352618932724,1,valid
NCT00657241,0.8730448484420776,0,valid
NCT00646321,0.8610822558403015,1,valid
NCT00105508,0.7522562742233276,0,valid
NCT01777334,0.881392776966095,1,valid
NCT01676220,0.869710385799408,1,valid
NCT00260832,0.37032225728034973,0,valid
NCT00675688,0.7448119521141052,1,valid
NCT00333125,0.9561815857887268,1,valid
NCT00115765,0.37922072410583496,0,valid
NCT01604850,0.6326760649681091,1,valid
NCT01163266,0.6860111951828003,1,valid
NCT00362635,0.5787315368652344,1,valid
NCT00690820,0.7606356739997864,1,valid
NCT00239785,0.681050181388855,0,valid
NCT00673920,0.8596130609512329,0,valid
NCT00160563,0.8622656464576721,0,valid
NCT00719797,0.3791446089744568,1,valid
NCT00679484,0.3972214460372925,0,valid
NCT01057407,0.6498273015022278,1,valid
NCT01126580,0.8580191731452942,1,valid
NCT00423813,0.9128854870796204,1,valid
NCT00237653,0.5477179288864136,0,valid
NCT01308528,0.7668368220329285,1,test
NCT01670552,0.9616847634315491,1,test
NCT01786824,0.71832275390625,0,test
NCT01877668,0.9458199739456177,1,test
NCT01887717,0.5633435249328613,0,test
NCT01899742,0.881392776966095,1,test
NCT01900327,0.29517844319343567,0,test
NCT01905059,0.5532947778701782,1,test
NCT01905592,0.3720335066318512,0,test
NCT01911364,0.8823034763336182,1,test
NCT01917331,0.8804110288619995,1,test
NCT01926236,0.37751930952072144,1,test
NCT01936844,0.42315587401390076,1,test
NCT01940887,0.41139915585517883,0,test
NCT01949337,0.4551200866699219,0,test
NCT01950299,0.6995642185211182,1,test
NCT01964391,0.39008083939552307,1,test
NCT01964430,0.4035818874835968,0,test
NCT01966822,0.7336578965187073,1,test
NCT01967173,0.8605229258537292,1,test
NCT01968213,0.4428950548171997,1,test
NCT01969708,0.9344383478164673,1,test
NCT01973790,0.9614063501358032,1,test
NCT01974752,0.4020051658153534,0,test
NCT01980875,0.8243029713630676,0,test
NCT01980888,0.8250063061714172,0,test
NCT01986101,0.6794946789741516,0,test
NCT01986127,0.3839377760887146,0,test
NCT01987479,0.8597189784049988,1,test
NCT01987895,0.45206218957901,1,test
NCT01989676,0.38863641023635864,1,test
NCT01991795,0.8589221239089966,1,test
NCT01994720,0.7175584435462952,0,test
NCT01995266,0.8704929351806641,1,test
NCT01996319,0.8813310861587524,1,test
NCT02000622,0.41168588399887085,1,test
NCT02004392,0.4433356821537018,0,test
NCT02005471,0.8255271315574646,1,test
NCT02006121,0.7504230737686157,1,test
NCT02006641,0.3696449100971222,0,test
NCT02006654,0.3696449100971222,0,test
NCT02006745,0.732072651386261,1,test
NCT02007629,0.5568441152572632,1,test
NCT02008227,0.34357377886772156,1,test
NCT02008318,0.7983512878417969,0,test
NCT02008916,0.374849408864975,1,test
NCT02008942,0.8580929636955261,1,test
NCT02012959,0.7564140558242798,0,test
NCT02013167,0.6792882084846497,1,test
NCT02014467,0.9404933452606201,1,test
NCT02019420,0.5064478516578674,1,test
NCT02019472,0.8595061302185059,1,test
NCT02020278,0.7564140558242798,0,test
NCT02022007,0.6486126184463501,1,test
NCT02022930,0.8355226516723633,1,test
NCT02025621,0.41974174976348877,0,test
NCT02025725,0.5183442831039429,0,test
NCT02029157,0.3442976474761963,0,test
NCT02030600,0.8809563517570496,1,test
NCT02031081,0.8261569738388062,0,test
NCT02031744,0.34406763315200806,0,test
NCT02032277,0.39043867588043213,0,test
NCT02032875,0.871047854423523,1,test
NCT02032888,0.8708701729774475,1,test
NCT02032901,0.8708701729774475,1,test
NCT02034513,0.8289045095443726,1,test
NCT02036515,0.8580201268196106,1,test
NCT02037503,0.6831433773040771,1,test
NCT02038036,0.37730586528778076,1,test
NCT02038179,0.8308069705963135,0,test
NCT02038920,0.3849654495716095,1,test
NCT02039505,0.8127526640892029,1,test
NCT02041533,0.34251177310943604,0,test
NCT02042690,0.5829933881759644,1,test
NCT02043678,0.48739659786224365,0,test
NCT02044146,0.6928911805152893,1,test
NCT02044354,0.4684390127658844,1,test
NCT02044510,0.7014358639717102,0,test
NCT02045290,0.6414807438850403,0,test
NCT02045862,0.3941916227340698,1,test
NCT02046369,0.6793147325515747,1,test
NCT02046564,0.6849423050880432,1,test
NCT02046603,0.8591217398643494,1,test
NCT02048813,0.3908562958240509,1,test
NCT02051608,0.36938273906707764,1,test
NCT02054156,0.7235248684883118,1,test
NCT02054702,0.8217469453811646,1,test
NCT02054897,0.8678978085517883,1,test
NCT02058108,0.7211061716079712,0,test
NCT02058147,0.8602436184883118,1,test
NCT02058160,0.8617689609527588,1,test
NCT02058368,0.7663707137107849,1,test
NCT02058589,0.7769951820373535,1,test
NCT02059187,0.869710385799408,1,test
NCT02059642,0.9742957949638367,1,test
NCT02063854,0.800812840461731,1,test
NCT02064439,0.6964563727378845,1,test
NCT02065791,0.7489650845527649,1,test
NCT02066129,0.8605801463127136,0,test
NCT02066181,0.33492767810821533,1,test
NCT02066298,0.8618550896644592,1,test
NCT02066402,0.7159549593925476,1,test
NCT02066454,0.664887011051178,1,test
NCT02068443,0.8580719828605652,1,test
NCT02070757,0.3693963885307312,1,test
NCT02071082,0.7329190969467163,1,test
NCT02072226,0.29536017775535583,0,test
NCT02072434,0.35912662744522095,1,test
NCT02072824,0.43338441848754883,1,test
NCT02073656,0.8004435300827026,1,test
NCT02073682,0.5204358696937561,1,test
NCT02074982,0.9715022444725037,1,test
NCT02075840,0.3442682921886444,1,test
NCT02076009,0.5273496508598328,1,test
NCT02076815,0.840229868888855,1,test
NCT02077868,0.3799205720424652,0,test
NCT02079246,0.3698781132698059,1,test
NCT02079727,0.8123900294303894,1,test
NCT02080364,0.36959272623062134,0,test
NCT02081690,0.8928377628326416,0,test
NCT02082522,0.3639891743659973,0,test
NCT02085135,0.6825720071792603,1,test
NCT02085161,0.8823034763336182,1,test
NCT02087059,0.4843394458293915,1,test
NCT02088073,0.861389696598053,1,test
NCT02090764,0.8885040283203125,1,test
NCT02091375,0.8304666876792908,1,test
NCT02091739,0.6192699074745178,1,test
NCT02091986,0.8610822558403015,1,test
NCT02092350,0.8881585597991943,1,test
NCT02096705,0.8685851693153381,1,test
NCT02098395,0.8097081780433655,1,test
NCT02099110,0.8581662774085999,1,test
NCT02104674,0.8616763353347778,0,test
NCT02104700,0.7343173623085022,1,test
NCT02104804,0.8571310043334961,1,test
NCT02105467,0.8883602619171143,1,test
NCT02105636,0.5637474060058594,1,test
NCT02105662,0.6322561502456665,1,test
NCT02105688,0.6321332454681396,1,test
NCT02105701,0.8106497526168823,1,test
NCT02105948,0.8811419606208801,1,test
NCT02105961,0.8811419606208801,0,test
NCT02105974,0.8795852661132812,1,test
NCT02105987,0.5514779090881348,1,test
NCT02106494,0.8634666800498962,1,test
NCT02106546,0.3429473340511322,0,test
NCT02106832,0.7193410992622375,1,test
NCT02107196,0.7431581020355225,0,test
NCT02107703,0.39101848006248474,1,test
NCT02107898,0.8201227784156799,1,test
NCT02108366,0.81132972240448,1,test
NCT02109562,0.8213779330253601,1,test
NCT02110303,0.6727093458175659,0,test
NCT02111564,0.5577871799468994,0,test
NCT02114151,0.8886820673942566,1,test
NCT02114177,0.8886820673942566,1,test
NCT02115321,0.6318345665931702,1,test
NCT02115750,0.8673346042633057,1,test
NCT02116530,0.5630080103874207,1,test
NCT02117479,0.2956980764865875,0,test
NCT02118766,0.7182198166847229,1,test
NCT02118792,0.7182198166847229,1,test
NCT02120027,0.7431581020355225,0,test
NCT02121717,0.8582035303115845,1,test
NCT02121795,0.7339665293693542,1,test
NCT02122471,0.9165569543838501,1,test
NCT02123654,0.8878629207611084,1,test
NCT02125409,0.3791656494140625,1,test
NCT02126358,0.858326256275177,1,test
NCT02126839,0.8607782125473022,1,test
NCT02127970,0.8230493664741516,1,test
NCT02128763,0.7558063268661499,0,test
NCT02128932,0.8743919134140015,1,test
NCT02130557,0.46057912707328796,1,test
NCT02131064,0.3901914656162262,0,test
NCT02131233,0.5530115962028503,1,test
NCT02131272,0.8809563517570496,0,test
NCT02132637,0.869710385799408,1,test
NCT02132936,0.9831090569496155,1,test
NCT02133105,0.38766032457351685,1,test
NCT02133989,0.8766998648643494,0,test
NCT02134015,0.34406763315200806,0,test
NCT02134106,0.3684619665145874,0,test
NCT02134210,0.9738216996192932,1,test
NCT02134353,0.7235268354415894,1,test
NCT02135029,0.9097322225570679,1,test
NCT02135354,0.8804485201835632,0,test
NCT02136134,0.5274621844291687,1,test
NCT02136914,0.7650203704833984,1,test
NCT02137343,0.3789830803871155,0,test
NCT02137772,0.6026509404182434,1,test
NCT02137837,0.3903920352458954,0,test
NCT02138136,0.9134211540222168,1,test
NCT02138916,0.9010785818099976,0,test
NCT02139046,0.8889203667640686,1,test
NCT02139098,0.8904569745063782,0,test
NCT02139306,0.7254263162612915,0,test
NCT02139644,0.8605776429176331,1,test
NCT02141035,0.3910678029060364,0,test
NCT02141399,0.6825720071792603,1,test
NCT02141854,0.8612236976623535,1,test
NCT02142738,0.3839961290359497,1,test
NCT02143570,0.46436458826065063,1,test
NCT02143713,0.7311274409294128,1,test
NCT02144077,0.5639649033546448,1,test
NCT02145182,0.6797053813934326,0,test
NCT02145468,0.3860270082950592,0,test
NCT02145988,0.7866220474243164,0,test
NCT02146430,0.911750316619873,0,test
NCT02147158,0.37363508343696594,1,test
NCT02147197,0.37363508343696594,1,test
NCT02149108,0.3794746696949005,0,test
NCT02149121,0.8584449291229248,1,test
NCT02149199,0.8610984086990356,1,test
NCT02151851,0.8597189784049988,1,test
NCT02151981,0.7937131524085999,1,test
NCT02152306,0.9764711856842041,1,test
NCT02152371,0.8609411716461182,1,test
NCT02152605,0.8811419606208801,1,test
NCT02152631,0.344360888004303,0,test
NCT02152930,0.7680462002754211,0,test
NCT02153632,0.7512773275375366,0,test
NCT02155660,0.9010785818099976,0,test
NCT02158533,0.6850861310958862,0,test
NCT02158546,0.6839675903320312,0,test
NCT02161185,0.8568246364593506,0,test
NCT02161705,0.7307623624801636,0,test
NCT02162771,0.37028375267982483,1,test
NCT02163499,0.8652787804603577,1,test
NCT02163824,0.5123084783554077,1,test
NCT02164513,0.880436897277832,1,test
NCT02164864,0.4417085349559784,1,test
NCT02165111,0.3225509524345398,0,test
NCT02165397,0.6465659737586975,1,test
NCT02165826,0.9016904234886169,1,test
NCT02168491,0.8633226156234741,1,test
NCT02168842,0.7498827576637268,0,test
NCT02172040,0.8735254406929016,1,test
NCT02173457,0.8598982095718384,1,test
NCT02174094,0.7439388632774353,0,test
NCT02174627,0.5215319991111755,1,test
NCT02174731,0.5198114514350891,1,test
NCT02175771,0.7056020498275757,1,test
NCT02177266,0.35637861490249634,0,test
NCT02178592,0.5528776049613953,1,test
NCT02178956,0.3847692906856537,0,test
NCT02179151,0.7692297101020813,0,test
NCT02179658,0.37950268387794495,1,test
NCT02180659,0.774009108543396,1,test
NCT02181413,0.5548079013824463,1,test
NCT02181673,0.9457781910896301,1,test
NCT02182778,0.3935316801071167,1,test
NCT02182830,0.8501383066177368,1,test
NCT02184195,0.35393011569976807,1,test
NCT02184611,0.8815685510635376,1,test
NCT02186171,0.7920419573783875,1,test
NCT02186873,0.374849408864975,1,test
NCT02187809,0.7443417310714722,0,test
NCT02189837,0.9096323847770691,1,test
NCT02194933,0.8220007419586182,1,test
NCT02195479,0.5269435048103333,1,test
NCT02195700,0.7916802167892456,1,test
NCT02196506,0.6962484121322632,1,test
NCT02197221,0.5278774499893188,0,test
NCT02200614,0.470238596200943,1,test
NCT02201459,0.3984299898147583,1,test
NCT02201901,0.8885923027992249,1,test
NCT02201940,0.8883796334266663,1,test
NCT02201953,0.8886527419090271,1,test
NCT02203032,0.9715022444725037,1,test
NCT02203149,0.8708246946334839,1,test
NCT02203838,0.8216277360916138,1,test
NCT02203916,0.8751575946807861,1,test
NCT02204982,0.3713800013065338,0,test
NCT02207088,0.8242037892341614,1,test
NCT02207231,0.9718733429908752,1,test
NCT02207244,0.9718733429908752,1,test
NCT02207374,0.8672353625297546,1,test
NCT02207491,0.9456630349159241,0,test
NCT02207621,0.9455984234809875,1,test
NCT02207829,0.882148802280426,1,test
NCT02213744,0.3904765248298645,0,test
NCT02215980,0.5284386277198792,1,test
NCT02217267,0.9311769604682922,0,test
NCT02218008,0.6839675903320312,1,test
NCT02219477,0.7987943887710571,1,test
NCT02219503,0.8928459286689758,1,test
NCT02219932,0.6822709441184998,1,test
NCT02220894,0.3420991003513336,1,test
NCT02220907,0.8585814833641052,1,test
NCT02220998,0.8886527419090271,1,test
NCT02224157,0.8610936999320984,1,test
NCT02224313,0.5614672899246216,1,test
NCT02224560,0.8582126498222351,1,test
NCT02224690,0.8581267595291138,1,test
NCT02224703,0.8304666876792908,1,test
NCT02225639,0.9659355282783508,1,test
NCT02226003,0.8584011793136597,1,test
NCT02226198,0.82021564245224,1,test
NCT02227238,0.5528156757354736,1,test
NCT02227862,0.6873953342437744,1,test
NCT02227875,0.869710385799408,1,test
NCT02229383,0.8521552681922913,1,test
NCT02229396,0.8536073565483093,1,test
NCT02229851,0.41392984986305237,1,test
NCT02231086,0.5143806338310242,0,test
NCT02231164,0.3849986493587494,0,test
NCT02231749,0.5613967776298523,1,test
NCT02234115,0.485990047454834,1,test
NCT02234843,0.7604072093963623,1,test
NCT02239120,0.38342103362083435,0,test
NCT02239926,0.6708478331565857,0,test
NCT02240108,0.3842751681804657,0,test
NCT02240121,0.3842751681804657,0,test
NCT02242942,0.8245464563369751,1,test
NCT02245022,0.4686349630355835,1,test
NCT02245672,0.8608654737472534,1,test
NCT02246621,0.3913598656654358,1,test
NCT02247401,0.8108035922050476,1,test
NCT02247687,0.733598530292511,0,test
NCT02247804,0.9454575181007385,1,test
NCT02248480,0.8388628363609314,1,test
NCT02249988,0.7378709316253662,0,test
NCT02250391,0.806016743183136,1,test
NCT02250651,0.9454575181007385,1,test
NCT02250807,0.6319432258605957,1,test
NCT02251977,0.38747796416282654,0,test
NCT02251990,0.8710636496543884,1,test
NCT02252016,0.8710636496543884,1,test
NCT02252042,0.4562680125236511,0,test
NCT02252172,0.5267667770385742,1,test
NCT02253173,0.37769415974617004,1,test
NCT02253459,0.3905642330646515,1,test
NCT02254265,0.6966364979743958,1,test
NCT02254291,0.8685083985328674,1,test
NCT02255370,0.3847053349018097,0,test
NCT02255513,0.9660141468048096,1,test
NCT02256215,0.9277118444442749,0,test
NCT02256436,0.3782629668712616,1,test
NCT02257385,0.8811113238334656,1,test
NCT02260986,0.7175038456916809,1,test
NCT02263326,0.5504415035247803,1,test
NCT02264574,0.37733492255210876,1,test
NCT02265705,0.8599666953086853,1,test
NCT02266849,0.5642676949501038,0,test
NCT02267343,0.3794034421443939,1,test
NCT02268214,0.6428415179252625,1,test
NCT02269917,0.8169089555740356,1,test
NCT02272517,0.6863259673118591,0,test
NCT02273050,0.8577626347541809,1,test
NCT02273180,0.6873953342437744,1,test
NCT02273765,0.6649855375289917,1,test
NCT02274558,0.790856122970581,1,test
NCT02274766,0.7650203704833984,1,test
NCT02275780,0.7337861657142639,1,test
NCT02276209,0.9660744667053223,0,test
NCT02276222,0.9022378921508789,1,test
NCT02276482,0.6902860403060913,1,test
NCT02277691,0.9763810634613037,1,test
NCT02277743,0.7175038456916809,1,test
NCT02277769,0.7175038456916809,1,test
NCT02278120,0.39135751128196716,1,test
NCT02279524,0.40613406896591187,1,test
NCT02279953,0.6859052181243896,1,test
NCT02279966,0.6861801147460938,0,test
NCT02281318,0.86183100938797,1,test
NCT02281552,0.8594234585762024,1,test
NCT02282020,0.9359245896339417,1,test
NCT02282761,0.8204010128974915,1,test
NCT02284516,0.7569096088409424,1,test
NCT02284893,0.8582162261009216,1,test
NCT02284906,0.3683602511882782,0,test
NCT02285062,0.3705959916114807,0,test
NCT02287584,0.8205382823944092,1,test
NCT02288897,0.3784025013446808,0,test
NCT02289963,0.8201227784156799,1,test
NCT02291237,0.9307590126991272,0,test
NCT02291549,0.3805125653743744,1,test
NCT02291679,0.9166938066482544,1,test
NCT02291861,0.7916802167892456,1,test
NCT02292446,0.37730586528778076,1,test
NCT02292667,0.7064558267593384,0,test
NCT02293902,0.8596498966217041,1,test
NCT02293915,0.7502686381340027,1,test
NCT02294058,0.6807749271392822,1,test
NCT02294461,0.4697651267051697,1,test
NCT02294474,0.869710385799408,1,test
NCT02296125,0.34411105513572693,1,test
NCT02296138,0.8817703723907471,0,test
NCT02298192,0.8692904710769653,1,test
NCT02300311,0.6819785833358765,1,test
NCT02300558,0.5530997514724731,0,test
NCT02301156,0.8239967226982117,1,test
NCT02301975,0.8610930442810059,1,test
NCT02302807,0.38057878613471985,0,test
NCT02305381,0.8678978085517883,1,test
NCT02305849,0.8594710230827332,1,test
NCT02307682,0.4626959264278412,1,test
NCT02308098,0.8614593744277954,1,test
NCT02308163,0.8593417406082153,1,test
NCT02313909,0.29566797614097595,0,test
NCT02314117,0.36167076230049133,1,test
NCT02314819,0.37970617413520813,1,test
NCT02316899,0.9142272472381592,1,test
NCT02318602,0.7147648930549622,1,test
NCT02318706,0.8380632996559143,1,test
NCT02319031,0.871047854423523,1,test
NCT02319187,0.3635251820087433,0,test
NCT02320396,0.7287821769714355,1,test
NCT02320721,0.869710385799408,1,test
NCT02322320,0.5282031893730164,0,test
NCT02322593,0.37865835428237915,1,test
NCT02324569,0.8582035303115845,1,test
NCT02325466,0.7769198417663574,1,test
NCT02325791,0.4608648121356964,0,test
NCT02326220,0.8201227784156799,1,test
NCT02327182,0.37017562985420227,0,test
NCT02329834,0.42376968264579773,1,test
NCT02332590,0.8593721985816956,1,test
NCT02333071,0.36031413078308105,1,test
NCT02335346,0.8389676213264465,0,test
NCT02336750,0.3903804123401642,0,test
NCT02337725,0.7501325607299805,1,test
NCT02337738,0.7501325607299805,1,test
NCT02338960,0.3605782985687256,1,test
NCT02339116,0.37945517897605896,1,test
NCT02339584,0.9458782076835632,1,test
NCT02340221,0.39102932810783386,1,test
NCT02343458,0.8813917636871338,1,test
NCT02343926,0.8580345511436462,0,test
NCT02344004,0.8464229702949524,1,test
NCT02345161,0.8805049061775208,1,test
NCT02345226,0.7336544990539551,1,test
NCT02345252,0.7336544990539551,1,test
NCT02346227,0.751750648021698,0,test
NCT02347657,0.7223978638648987,1,test
NCT02347774,0.8813310861587524,1,test
NCT02348489,0.37098729610443115,0,test
NCT02348593,0.9113550782203674,1,test
NCT02349295,0.9457781910896301,1,test
NCT02351882,0.5395545959472656,1,test
NCT02353871,0.7484320998191833,1,test
NCT02354222,0.8584609031677246,1,test
NCT02354352,0.639616847038269,1,test
NCT02355925,0.7458949685096741,0,test
NCT02357069,0.8588548302650452,1,test
NCT02357459,0.8388574719429016,1,test
NCT02357901,0.6547309756278992,1,test
NCT02358031,0.41405537724494934,1,test
NCT02358044,0.8711670637130737,1,test
NCT02362503,0.5535978674888611,1,test
NCT02362594,0.4011603593826294,1,test
NCT02362672,0.5789569020271301,1,test
NCT02362984,0.4160376191139221,0,test
NCT02363998,0.8231707811355591,1,test
NCT02364947,0.4136802554130554,1,test
NCT02364999,0.3416515290737152,1,test
NCT02365493,0.6101256608963013,0,test
NCT02366143,0.3840247392654419,1,test
NCT02367781,0.384443074464798,1,test
NCT02369874,0.5640753507614136,0,test
NCT02370498,0.3589821755886078,0,test
NCT02371408,0.6319860816001892,1,test
NCT02373202,0.859286904335022,1,test
NCT02376790,0.9466381072998047,1,test
NCT02376985,0.38863641023635864,1,test
NCT02378480,0.7136679887771606,1,test
NCT02382276,0.41324618458747864,1,test
NCT02383238,0.858377993106842,1,test
NCT02383966,0.5659383535385132,1,test
NCT02384460,0.8425570130348206,0,test
NCT02384941,0.6387198567390442,1,test
NCT02387359,0.8682756423950195,1,test
NCT02388724,0.9556300044059753,1,test
NCT02388906,0.4004410207271576,1,test
NCT02388919,0.34375330805778503,1,test
NCT02389816,0.6860111951828003,1,test
NCT02390219,0.7237582802772522,1,test
NCT02392234,0.7241095900535583,1,test
NCT02393859,0.5843904614448547,1,test
NCT02395172,0.3849165737628937,0,test
NCT02396316,0.8066845536231995,1,test
NCT02397096,0.7266297936439514,1,test
NCT02397473,0.3787006437778473,1,test
NCT02401243,0.869710385799408,1,test
NCT02402530,0.9423802495002747,0,test
NCT02403401,0.9496325850486755,0,test
NCT02403674,0.7334579229354858,1,test
NCT02404363,0.29452720284461975,0,test
NCT02405039,0.7558063268661499,1,test
NCT02405091,0.7902182936668396,1,test
NCT02407236,0.7244776487350464,1,test
NCT02409342,0.34296363592147827,1,test
NCT02409355,0.3430328071117401,1,test
NCT02411448,0.34410521388053894,1,test
NCT02412111,0.7238055467605591,0,test
NCT02412878,0.5278965830802917,1,test
NCT02413398,0.857919454574585,1,test
NCT02414165,0.4817609190940857,0,test
NCT02414854,0.8599456548690796,1,test
NCT02414958,0.644355833530426,1,test
NCT02415127,0.5062766671180725,0,test
NCT02417064,0.6790663003921509,0,test
NCT02418585,0.6790663003921509,1,test
NCT02419612,0.8670199513435364,1,test
NCT02420262,0.8772210478782654,1,test
NCT02420821,0.5621423125267029,1,test
NCT02421510,0.6389362812042236,1,test
NCT02421588,0.3791603744029999,0,test
NCT02421939,0.45914629101753235,1,test
NCT02422186,0.6555677056312561,0,test
NCT02422446,0.7825250029563904,0,test
NCT02422615,0.39124926924705505,1,test
NCT02422797,0.552970826625824,1,test
NCT02425644,0.6808375716209412,1,test
NCT02425891,0.3906712234020233,1,test
NCT02426125,0.3619450628757477,1,test
NCT02427802,0.6003320813179016,0,test
NCT02427893,0.4015551209449768,0,test
NCT02428088,0.9671502709388733,1,test
NCT02429791,0.552970826625824,1,test
NCT02431247,0.8167790770530701,1,test
NCT02434328,0.4626959264278412,1,test
NCT02435303,0.5558659434318542,0,test
NCT02435433,0.5628390312194824,1,test
NCT02436096,0.7344250082969666,0,test
NCT02436512,0.8928326964378357,0,test
NCT02436668,0.36178234219551086,0,test
NCT02437162,0.5600646734237671,0,test
NCT02437318,0.39092329144477844,1,test
NCT02438007,0.46937015652656555,0,test
NCT02438722,0.35518911480903625,0,test
NCT02438826,0.344230055809021,0,test
NCT02439320,0.9032806754112244,1,test
NCT02441283,0.8711637258529663,1,test
NCT02446405,0.48774197697639465,1,test
NCT02446418,0.8607742786407471,1,test
NCT02446717,0.7987145185470581,1,test
NCT02446899,0.43481528759002686,1,test
NCT02446912,0.43481528759002686,0,test
NCT02447172,0.6003320813179016,0,test
NCT02447276,0.7984209656715393,1,test
NCT02449343,0.5116649270057678,1,test
NCT02450890,0.9661155939102173,1,test
NCT02451943,0.511309802532196,0,test
NCT02452047,0.7133264541625977,1,test
NCT02452060,0.7347987294197083,1,test
NCT02452190,0.86183100938797,0,test
NCT02452632,0.8586687445640564,1,test
NCT02453256,0.4675641655921936,0,test
NCT02453282,0.38496133685112,0,test
NCT02453386,0.7504329085350037,0,test
NCT02453555,0.8581873774528503,1,test
NCT02455362,0.736677348613739,0,test
NCT02456740,0.902955949306488,1,test
NCT02459080,0.9010536074638367,1,test
NCT02460978,0.647236704826355,1,test
NCT02460991,0.5296065211296082,0,test
NCT02462070,0.9715327024459839,1,test
NCT02462122,0.9715327024459839,1,test
NCT02462486,0.3972698152065277,1,test
NCT02462811,0.7457762360572815,1,test
NCT02462928,0.3972698152065277,1,test
NCT02466425,0.9661155939102173,1,test
NCT02469090,0.5292180776596069,1,test
NCT02469155,0.820923924446106,0,test
NCT02469246,0.7347777485847473,1,test
NCT02471183,0.8924081325531006,1,test
NCT02472886,0.888886034488678,1,test
NCT02473198,0.7825260162353516,1,test
NCT02474082,0.9720652103424072,1,test
NCT02474290,0.3709625005722046,1,test
NCT02474589,0.42582130432128906,1,test
NCT02475629,0.732442319393158,1,test
NCT02475681,0.8251702189445496,1,test
NCT02477618,0.794103741645813,0,test
NCT02477644,0.3796338140964508,1,test
NCT02477800,0.36938273906707764,0,test
NCT02477865,0.8582035303115845,1,test
NCT02477969,0.8578922152519226,1,test
NCT02478398,0.7275956869125366,1,test
NCT02480712,0.8881630897521973,1,test
NCT02481830,0.34361502528190613,0,test
NCT02482753,0.39058494567871094,1,test
NCT02483078,0.7316387295722961,1,test
NCT02483585,0.902955949306488,1,test
NCT02483975,0.8609904050827026,1,test
NCT02484001,0.8558510541915894,1,test
NCT02484547,0.36938273906707764,0,test
NCT02485067,0.46319591999053955,1,test
NCT02486198,0.5136289000511169,1,test
NCT02487030,0.888886034488678,1,test
NCT02487446,0.8808932304382324,0,test
NCT02487498,0.8808932304382324,0,test
NCT02488525,0.42373010516166687,0,test
NCT02489227,0.9725273847579956,1,test
NCT02489318,0.4699862599372864,1,test
NCT02489461,0.7343173623085022,1,test
NCT02489968,0.8582962155342102,1,test
NCT02492620,0.757970929145813,1,test
NCT02493452,0.8682756423950195,1,test
NCT02493764,0.8040656447410583,1,test
NCT02493777,0.9660141468048096,1,test
NCT02493868,0.6555677056312561,1,test
NCT02494583,0.3615911304950714,0,test
NCT02496078,0.8704929351806641,1,test
NCT02496767,0.3895164728164673,0,test
NCT02497287,0.6790574193000793,1,test
NCT02497469,0.8147059679031372,1,test
NCT02500706,0.8289045095443726,1,test
NCT02501161,0.8753194212913513,1,test
NCT02501629,0.580834150314331,0,test
NCT02502734,0.8608912825584412,1,test
NCT02504008,0.6175106763839722,0,test
NCT02504099,0.8887783288955688,0,test
NCT02504268,0.8594135642051697,0,test
NCT02504645,0.3419381380081177,0,test
NCT02508649,0.38011977076530457,0,test
NCT02512510,0.9010536074638367,1,test
NCT02513160,0.7052532434463501,1,test
NCT02513550,0.9715022444725037,1,test
NCT02514473,0.7239760756492615,1,test
NCT02514577,0.9714857935905457,1,test
NCT02515097,0.9714857935905457,1,test
NCT02516202,0.3776129484176636,0,test
NCT02516410,0.7234125137329102,0,test
NCT02517021,0.8623959422111511,1,test
NCT02518139,0.9017419815063477,1,test
NCT02520388,0.9660141468048096,1,test
NCT02521181,0.5377229452133179,1,test
NCT02521662,0.8575037717819214,1,test
NCT02525874,0.6998674869537354,1,test
NCT02527343,0.8118290305137634,1,test
NCT02528214,0.8598781228065491,1,test
NCT02531035,0.8677703738212585,1,test
NCT02531438,0.8023921847343445,1,test
NCT02532855,0.8582403063774109,1,test
NCT02535351,0.5613967776298523,0,test
NCT02544451,0.7223978638648987,1,test
NCT02544763,0.7248579263687134,1,test
NCT02545504,0.3621125817298889,0,test
NCT02547935,0.8662408590316772,1,test
NCT02549391,0.3063209354877472,1,test
NCT02549417,0.30628710985183716,1,test
NCT02550665,0.3704460859298706,1,test
NCT02551874,0.8604428768157959,1,test
NCT02553772,0.8238730430603027,1,test
NCT02553915,0.7180556654930115,1,test
NCT02554786,0.8605403900146484,1,test
NCT02555215,0.7257349491119385,1,test
NCT02555657,0.3902529776096344,0,test
NCT02555878,0.3796713054180145,0,test
NCT02556203,0.6232590675354004,0,test
NCT02557035,0.8635130524635315,1,test
NCT02558374,0.9456630349159241,1,test
NCT02558400,0.9451248645782471,1,test
NCT02559895,0.902955949306488,1,test
NCT02561078,0.869710385799408,1,test
NCT02561806,0.9715022444725037,1,test
NCT02562651,0.39922526478767395,1,test
NCT02564588,0.6786823868751526,1,test
NCT02565147,0.7031762003898621,0,test
NCT02566967,0.8594234585762024,1,test
NCT02567279,0.5993009805679321,0,test
NCT02567994,0.8585855960845947,1,test
NCT02568839,0.36664021015167236,1,test
NCT02569242,0.36250534653663635,1,test
NCT02570490,0.7118350863456726,1,test
NCT02571777,0.8603727221488953,1,test
NCT02576509,0.5638313293457031,0,test
NCT02576977,0.5268858671188354,0,test
NCT02577003,0.859085738658905,1,test
NCT02577016,0.859085738658905,1,test
NCT02578680,0.3842708468437195,1,test
NCT02579057,0.36923840641975403,1,test
NCT02579681,0.7257349491119385,1,test
NCT02579850,0.9015567898750305,1,test
NCT02579863,0.5284386277198792,0,test
NCT02580058,0.3786650598049164,0,test
NCT02580591,0.6428415179252625,1,test
NCT02582632,0.874136745929718,1,test
NCT02584504,0.8203000426292419,1,test
NCT02585674,0.869710385799408,1,test
NCT02585713,0.6184912323951721,1,test
NCT02585934,0.36997535824775696,0,test
NCT02586025,0.3906303346157074,1,test
NCT02586155,0.626154899597168,1,test
NCT02586350,0.36188483238220215,1,test
NCT02586961,0.5130321979522705,0,test
NCT02588261,0.34424880146980286,0,test
NCT02594332,0.86183100938797,0,test
NCT02594371,0.38989999890327454,1,test
NCT02596334,0.7283364534378052,0,test
NCT02596893,0.3849654495716095,0,test
NCT02597049,0.8579331636428833,1,test
NCT02597803,0.8279767036437988,0,test
NCT02597933,0.3266681134700775,1,test
NCT02600325,0.7811272144317627,1,test
NCT02600351,0.888886034488678,0,test
NCT02600494,0.6787190437316895,1,test
NCT02600819,0.7305925488471985,1,test
NCT02603107,0.7329263091087341,1,test
NCT02603120,0.7322136759757996,1,test
NCT02604017,0.7984487414360046,1,test
NCT02604342,0.34343424439430237,1,test
NCT02605174,0.9033207893371582,1,test
NCT02605434,0.7492001056671143,0,test
NCT02607306,0.8734261989593506,1,test
NCT02607735,0.8710581660270691,1,test
NCT02607800,0.8708441257476807,0,test
NCT02607865,0.8689106106758118,1,test
NCT02607930,0.7322136759757996,1,test
NCT02607956,0.73177170753479,1,test
NCT02611817,0.3849654495716095,1,test
NCT02611830,0.814117968082428,1,test
NCT02613507,0.3432733714580536,1,test
NCT02613871,0.888770580291748,1,test
NCT02614183,0.902955949306488,1,test
NCT02614196,0.902955949306488,1,test
NCT02614261,0.7895833849906921,1,test
NCT02616783,0.7347429394721985,1,test
NCT02617485,0.37044957280158997,1,test
NCT02617589,0.3940417468547821,0,test
NCT02621892,0.9140651226043701,1,test
NCT02621931,0.902955949306488,1,test
NCT02623738,0.9477803707122803,1,test
NCT02625623,0.3688400685787201,0,test
NCT02627963,0.5627233386039734,1,test
NCT02629159,0.8593721985816956,1,test
NCT02629861,0.902955949306488,1,test
NCT02629965,0.8817703723907471,1,test
NCT02630706,0.8575809597969055,1,test
NCT02631551,0.7276516556739807,1,test
NCT02631876,0.38528504967689514,0,test
NCT02634346,0.8208661079406738,1,test
NCT02634580,0.8202411532402039,1,test
NCT02634788,0.7335367202758789,1,test
NCT02634801,0.9718438386917114,1,test
NCT02635204,0.9714744687080383,1,test
NCT02636595,0.8885214924812317,1,test
NCT02637960,0.9713795185089111,1,test
NCT02638805,0.8578854203224182,1,test
NCT02639247,0.8881630897521973,1,test
NCT02639338,0.8881630897521973,1,test
NCT02639520,0.8018011450767517,1,test
NCT02639533,0.9114899635314941,1,test
NCT02640157,0.7983258366584778,1,test
NCT02641730,0.9682585597038269,1,test
NCT02642432,0.8423762321472168,1,test
NCT02643420,0.44859057664871216,1,test
NCT02648204,0.8675216436386108,1,test
NCT02648217,0.8809563517570496,0,test
NCT02651428,0.4136819541454315,1,test
NCT02651584,0.8321728110313416,1,test
NCT02652806,0.5198114514350891,1,test
NCT02652819,0.5215319991111755,1,test
NCT02654054,0.8448543548583984,1,test
NCT02654665,0.727900505065918,1,test
NCT02655016,0.3797692060470581,1,test
NCT02660138,0.4060167372226715,0,test
NCT02660359,0.4060167372226715,0,test
NCT02660905,0.6394531726837158,1,test
NCT02662569,0.9097322225570679,1,test
NCT02664077,0.38110435009002686,0,test
NCT02665273,0.9029269814491272,1,test
NCT02666664,0.43227484822273254,1,test
NCT02667938,0.76863032579422,1,test
NCT02670083,0.36938273906707764,0,test
NCT02670538,0.7487343549728394,1,test
NCT02670551,0.7487343549728394,1,test
NCT02670915,0.8289045095443726,1,test
NCT02671500,0.8881630897521973,1,test
NCT02672111,0.8305331468582153,1,test
NCT02672592,0.5795651078224182,1,test
NCT02672852,0.9715022444725037,1,test
NCT02674854,0.9451248645782471,1,test
NCT02675426,0.8595061302185059,1,test
NCT02677896,0.4697651267051697,1,test
NCT02679573,0.7140092849731445,1,test
NCT02680756,0.6431487202644348,1,test
NCT02681094,0.8441803455352783,1,test
NCT02682927,0.7439560890197754,1,test
NCT02683746,0.8584685921669006,1,test
NCT02684006,0.4561450183391571,1,test
NCT02684357,0.9715022444725037,1,test
NCT02684370,0.9715022444725037,1,test
NCT02686138,0.9140651226043701,1,test
NCT02688400,0.8284360766410828,1,test
NCT02688556,0.4724690020084381,1,test
NCT02689180,0.4228421151638031,1,test
NCT02691494,0.8448543548583984,1,test
NCT02692703,0.7984487414360046,1,test
NCT02692716,0.8678978085517883,1,test
NCT02694328,0.8211769461631775,1,test
NCT02694523,0.9715022444725037,1,test
NCT02694978,0.9055687189102173,1,test
NCT02695719,0.9162809252738953,1,test
NCT02696785,0.5835795402526855,1,test
NCT02696798,0.5803772211074829,1,test
NCT02699385,0.7863143086433411,0,test
NCT02700815,0.3712991178035736,1,test
NCT02701764,0.7530341744422913,0,test
NCT02702401,0.5620290637016296,0,test
NCT02703961,0.48203709721565247,1,test
NCT02706847,0.8595061302185059,1,test
NCT02706873,0.8596484065055847,1,test
NCT02706951,0.8595776557922363,1,test
NCT02707861,0.7301860451698303,1,test
NCT02707952,0.8886305093765259,1,test
NCT02709486,0.7984209656715393,1,test
NCT02709538,0.751501739025116,1,test
NCT02713178,0.7337629199028015,1,test
NCT02713230,0.7333129048347473,1,test
NCT02713282,0.8217030763626099,1,test
NCT02716285,0.6003696918487549,0,test
NCT02716818,0.6799306869506836,0,test
NCT02717195,0.8215723633766174,0,test
NCT02718326,0.6909666061401367,1,test
NCT02718417,0.378313809633255,0,test
NCT02718898,0.9715022444725037,1,test
NCT02720523,0.8595061302185059,1,test
NCT02721966,0.7307950854301453,1,test
NCT02722603,0.5328048467636108,0,test
NCT02722837,0.8881630897521973,1,test
NCT02725008,0.862521767616272,0,test
NCT02725372,0.8927050828933716,0,test
NCT02727751,0.9140204191207886,1,test
NCT02727881,0.4113258421421051,0,test
NCT02727907,0.6815487742424011,1,test
NCT02729051,0.8802188634872437,1,test
NCT02729909,0.913796603679657,1,test
NCT02734693,0.9311044812202454,1,test
NCT02737501,0.3484763503074646,1,test
NCT02738138,0.8215568661689758,1,test
NCT02738333,0.8888476490974426,1,test
NCT02738632,0.9764853715896606,1,test
NCT02738879,0.8612889647483826,1,test
NCT02739984,0.8368167877197266,1,test
NCT02741245,0.8201779723167419,1,test
NCT02742519,0.7234125137329102,0,test
NCT02743234,0.45007410645484924,1,test
NCT02744196,0.8596130609512329,1,test
NCT02745392,0.902955949306488,1,test
NCT02749994,0.8203920722007751,1,test
NCT02750293,0.32315295934677124,0,test
NCT02750306,0.40271738171577454,1,test
NCT02752074,0.4014681279659271,0,test
NCT02752412,0.8614911437034607,1,test
NCT02752880,0.8649981021881104,1,test
NCT02754882,0.3422401249408722,1,test
NCT02755597,0.7122644782066345,1,test
NCT02755649,0.717619776725769,1,test
NCT02757352,0.5600646734237671,1,test
NCT02762578,0.8809563517570496,1,test
NCT02762838,0.8596498966217041,1,test
NCT02763579,0.38501685857772827,1,test
NCT02766335,0.38459423184394836,1,test
NCT02766777,0.9134211540222168,1,test
NCT02773368,0.8753194212913513,1,test
NCT02774187,0.5638313293457031,1,test
NCT02775006,0.3851884603500366,0,test
NCT02775435,0.34255480766296387,1,test
NCT02777229,0.7346928715705872,1,test
NCT02777931,0.9661155939102173,0,test
NCT02779959,0.9039233922958374,1,test
NCT02783573,0.36938273906707764,0,test
NCT02783729,0.8906840085983276,1,test
NCT02785666,0.782024085521698,1,test
NCT02785900,0.3703799545764923,0,test
NCT02785939,0.3846063017845154,0,test
NCT02787083,0.35446709394454956,0,test
NCT02787551,0.8575136065483093,1,test
NCT02788279,0.3792005181312561,0,test
NCT02789033,0.4959949553012848,1,test
NCT02791490,0.8589039444923401,1,test
NCT02792218,0.5152668952941895,1,test
NCT02792231,0.5152668952941895,1,test
NCT02792699,0.8604763746261597,1,test
NCT02793817,0.8084220886230469,1,test
NCT02794792,0.8583391904830933,1,test
NCT02796677,0.882185161113739,1,test
NCT02797132,0.7223978638648987,1,test
NCT02801617,0.9473798274993896,1,test
NCT02802345,0.3115895986557007,0,test
NCT02805452,0.4638926684856415,0,test
NCT02806141,0.3690396547317505,0,test
NCT02807064,0.7286931872367859,1,test
NCT02809105,0.9167059063911438,1,test
NCT02813265,0.723131000995636,1,test
NCT02814643,0.8667942881584167,1,test
NCT02815709,0.37004855275154114,1,test
NCT02817828,0.9497581720352173,1,test
NCT02817841,0.9497581720352173,1,test
NCT02819284,0.723131000995636,0,test
NCT02820324,0.37004855275154114,1,test
NCT02822742,0.8721917867660522,1,test
NCT02825251,0.8289045095443726,1,test
NCT02827708,0.8678978085517883,1,test
NCT02831673,0.5535436868667603,1,test
NCT02831764,0.5535436868667603,1,test
NCT02832570,0.679298460483551,1,test
NCT02836873,0.8580079078674316,1,test
NCT02842086,0.733627438545227,1,test
NCT02849080,0.8691195249557495,1,test
NCT02849951,0.8127526640892029,0,test
NCT02853331,0.5665532946586609,1,test
NCT02858453,0.44075191020965576,0,test
NCT02863328,0.8683096170425415,1,test
NCT02863419,0.8684695363044739,1,test
NCT02863718,0.8239359259605408,1,test
NCT02865122,0.5491359233856201,0,test
NCT02866175,0.3564978241920471,1,test
NCT02870205,0.7286931872367859,1,test
NCT02870790,0.7343173623085022,1,test
NCT02872103,0.4516209363937378,1,test
NCT02873221,0.9022620320320129,1,test
NCT02873689,0.7598145604133606,1,test
NCT02873936,0.8595061302185059,1,test
NCT02875834,0.8633497357368469,1,test
NCT02876900,0.8215293288230896,1,test
NCT02877927,0.7136679887771606,1,test
NCT02885636,0.467906653881073,1,test
NCT02886702,0.9714216589927673,1,test
NCT02886728,0.8595776557922363,1,test
NCT02888444,0.8693802356719971,0,test
NCT02889549,0.6705744862556458,1,test
NCT02889796,0.8594720363616943,1,test
NCT02890173,0.9762290120124817,1,test
NCT02892344,0.7765909433364868,1,test
NCT02896127,0.5803772211074829,1,test
NCT02896205,0.36054620146751404,0,test
NCT02896855,0.390776664018631,1,test
NCT02897219,0.6393892765045166,1,test
NCT02898454,0.5026007890701294,1,test
NCT02903251,0.7518702149391174,0,test
NCT02905331,0.9715022444725037,1,test
NCT02906722,0.3695605397224426,0,test
NCT02906930,0.8678978085517883,1,test
NCT02911948,0.8753194212913513,1,test
NCT02912468,0.5026007890701294,1,test
NCT02913326,0.7738993763923645,1,test
NCT02914509,0.9451860189437866,0,test
NCT02916056,0.36976829171180725,0,test
NCT02916602,0.8732262849807739,1,test
NCT02923921,0.29502934217453003,0,test
NCT02924688,0.8603166937828064,1,test
NCT02926898,0.7440627217292786,1,test
NCT02926950,0.8579506278038025,1,test
NCT02929394,0.5111749172210693,0,test
NCT02932943,0.6834093928337097,0,test
NCT02933814,0.7323989868164062,0,test
NCT02934061,0.6868659853935242,1,test
NCT02938520,0.5533000230789185,1,test
NCT02940860,0.5595173835754395,1,test
NCT02940886,0.6350513696670532,1,test
NCT02942004,0.6113755702972412,1,test
NCT02942017,0.6123546361923218,1,test
NCT02942576,0.3568888306617737,1,test
NCT02943564,0.6834093928337097,0,test
NCT02943577,0.6834093928337097,0,test
NCT02945046,0.3787006437778473,0,test
NCT02946073,0.5333462953567505,1,test
NCT02949011,0.8118947148323059,1,test
NCT02951052,0.5531419515609741,1,test
NCT02952820,0.928650438785553,1,test
NCT02953340,0.44859057664871216,1,test
NCT02954159,0.8119603991508484,0,test
NCT02954354,0.8118947148323059,1,test
NCT02956486,0.36938273906707764,0,test
NCT02960217,0.8836479783058167,0,test
NCT02963922,0.7650071382522583,1,test
NCT02963935,0.7650071382522583,1,test
NCT02964247,0.869070827960968,1,test
NCT02964338,0.344230055809021,0,test
NCT02965378,0.3850661814212799,0,test
NCT02970292,0.8205280900001526,0,test
NCT02970318,0.8249837756156921,1,test
NCT02973503,0.6015779972076416,1,test
NCT02973737,0.3908500373363495,1,test
NCT02974907,0.8279767036437988,1,test
NCT02978326,0.6157285571098328,1,test
NCT02979197,0.8731880784034729,1,test
NCT02979613,0.7219612002372742,1,test
NCT02980874,0.9183837175369263,0,test
NCT02985983,0.5600646734237671,1,test
NCT02987543,0.46945273876190186,1,test
NCT02988115,0.5027706623077393,1,test
NCT02990546,0.379848837852478,0,test
NCT02991118,0.43227484822273254,1,test
NCT02993731,0.36151835322380066,0,test
NCT02996682,0.8885923027992249,1,test
NCT02997501,0.3441416919231415,1,test
NCT02999178,0.39297905564308167,1,test
NCT03001076,0.5593870878219604,1,test
NCT03003000,0.683182418346405,0,test
NCT03004625,0.8707908987998962,1,test
NCT03006276,0.9041736721992493,1,test
NCT03009019,0.9041736721992493,1,test
NCT03009136,0.7494218945503235,0,test
NCT03017508,0.4072549045085907,1,test
NCT03018028,0.8684695363044739,1,test
NCT03020082,0.6317456960678101,1,test
NCT03021187,0.8675790429115295,1,test
NCT03022838,0.9032764434814453,0,test
NCT03028740,0.7442318797111511,0,test
NCT03032380,0.5584542155265808,1,test
NCT03033511,0.3439660370349884,0,test
NCT03034772,0.5389348268508911,1,test
NCT03039192,0.6843832731246948,1,test
NCT03042611,0.36879870295524597,0,test
NCT03046446,0.8416542410850525,1,test
NCT03049735,0.8453646302223206,1,test
NCT03051607,0.8362953662872314,0,test
NCT03053050,0.7440451979637146,0,test
NCT03053063,0.7440451979637146,0,test
NCT03053388,0.49749520421028137,1,test
NCT03054428,0.47463861107826233,1,test
NCT03061812,0.34410619735717773,0,test
NCT03062462,0.6705744862556458,1,test
NCT03066609,0.9715022444725037,1,test
NCT03068754,0.390834778547287,0,test
NCT03073200,0.9727122187614441,1,test
NCT03074331,0.8881630897521973,1,test
NCT03078478,0.8809563517570496,1,test
NCT03081208,0.7458949685096741,1,test
NCT03086330,0.8678978085517883,1,test
NCT03088267,0.9659743309020996,1,test
NCT03090100,0.9715022444725037,1,test
NCT03091673,0.643831193447113,1,test
NCT03092375,0.8712751269340515,1,test
NCT03093324,0.5098441243171692,1,test
NCT03095456,0.90106201171875,1,test
NCT03097133,0.6847482323646545,1,test
NCT03097861,0.9162809252738953,0,test
NCT03102606,0.862307608127594,1,test
NCT03103087,0.8453646302223206,1,test
NCT03107026,0.678831160068512,1,test
NCT03108664,0.7557857632637024,0,test
NCT03108729,0.8558510541915894,0,test
NCT03110380,0.73177170753479,1,test
NCT03114657,0.36938273906707764,0,test
NCT03115112,0.8585350513458252,1,test
NCT03117569,0.6308383345603943,1,test
NCT03122262,0.7329652309417725,1,test
NCT03123471,0.9715453386306763,1,test
NCT03136484,0.8681340217590332,1,test
NCT03137173,0.7146243453025818,1,test
NCT03151408,0.36996686458587646,0,test
NCT03158688,0.6283431053161621,1,test
NCT03160521,0.8214830756187439,1,test
NCT03162055,0.9005234241485596,0,test
NCT03169335,0.3416515290737152,1,test
NCT03172325,0.8676159977912903,1,test
NCT03184415,0.5007627010345459,0,test
NCT03186365,0.6322561502456665,1,test
NCT03191396,0.8683096170425415,1,test
NCT03201601,0.724307656288147,1,test
NCT03201900,0.43567702174186707,1,test
NCT03214367,0.6873953342437744,1,test
NCT03214380,0.8652853965759277,1,test
NCT03225248,0.9616684317588806,1,test
NCT03235479,0.9031107425689697,1,test
NCT03237481,0.877784013748169,1,test
NCT03237845,0.9031107425689697,1,test
NCT03241472,0.7440613508224487,1,test
NCT03242018,0.8581179976463318,0,test
NCT03243305,0.9501644968986511,1,test
NCT03249181,0.7283364534378052,1,test
NCT03249376,0.6786566972732544,1,test
NCT03251859,0.696601152420044,1,test
NCT03252353,0.9264172315597534,1,test
NCT03253887,0.5975432395935059,0,test
NCT03254186,0.7909154891967773,0,test
NCT03255330,0.7872010469436646,0,test
NCT03256422,0.5535236597061157,1,test
NCT03257813,0.948801577091217,1,test
NCT03257865,0.7824593186378479,0,test
NCT03259555,0.7824593186378479,0,test
NCT03261999,0.485990047454834,1,test
NCT03265132,0.6046625375747681,0,test
NCT03268005,0.8780011534690857,1,test
NCT03273153,0.8977184295654297,0,test
NCT03290053,0.4319831430912018,0,test
NCT03290378,0.6199106574058533,1,test
NCT03292809,0.7520653605461121,1,test
NCT03295721,0.877784013748169,1,test
NCT03299049,0.5531419515609741,1,test
NCT03300609,0.37771210074424744,0,test
NCT03303521,0.861389696598053,1,test
NCT03306264,0.4142712354660034,1,test
NCT03308799,0.9832337498664856,1,test
NCT03308968,0.902955949306488,1,test
NCT03332069,0.47738710045814514,1,test
NCT03334396,0.7173377871513367,1,test
NCT03334422,0.7173377871513367,1,test
NCT03345914,0.717619776725769,1,test
NCT03345979,0.8217030763626099,1,test
NCT03349060,0.7177155613899231,1,test
NCT03349333,0.37100285291671753,1,test
NCT03353753,0.34731197357177734,1,test
NCT03369704,0.7286931872367859,1,test
NCT03378635,0.5176573395729065,1,test
NCT03397121,0.5535045266151428,1,test
NCT03399370,0.3546868860721588,1,test
NCT03399786,0.8201227784156799,1,test
NCT03400800,0.38145938515663147,1,test
NCT03402204,0.4150547981262207,1,test
NCT03403712,0.8623959422111511,1,test
NCT03404752,0.3888077437877655,1,test
NCT03405935,0.7277791500091553,1,test
NCT03409679,0.5102874636650085,0,test
NCT03421379,0.8521552681922913,1,test
NCT03433677,0.6873953342437744,1,test
NCT03434119,0.869710385799408,0,test
NCT03435302,0.39874890446662903,1,test
NCT03439072,0.643831193447113,1,test
NCT03446573,0.5514779090881348,1,test
NCT03447249,0.7234125137329102,1,test
NCT03460990,0.7241095900535583,1,test
NCT03461757,0.9031107425689697,1,test
NCT03463031,0.7286931872367859,1,test
NCT03463707,0.3608258366584778,1,test
NCT03469947,0.5228718519210815,1,test
NCT03492281,0.4633764624595642,1,test
NCT03493568,0.7308293581008911,0,test
NCT03525444,0.7234125137329102,1,test
NCT03525548,0.7241095900535583,1,test
NCT03551210,0.8064703941345215,1,test
NCT03559062,0.7241095900535583,1,test
NCT03559257,0.902955949306488,1,test
NCT03573908,0.8686758279800415,1,test
NCT03575702,0.4637554883956909,1,test
NCT03575871,0.7177155613899231,1,test
NCT03582007,0.5015778541564941,0,test
NCT03629184,0.8118945956230164,1,test
NCT03642145,0.6404856443405151,0,test
NCT03663374,0.4146248996257782,1,test
NCT03667053,0.6378263235092163,1,test
NCT03688711,0.5176573395729065,1,test
NCT03714672,0.3713373839855194,1,test
NCT03716050,0.7123041749000549,0,test
NCT03733301,0.717318594455719,1,test
NCT03907072,0.640092670917511,0,test
NCT04060888,0.3419381380081177,0,test
NCT04341727,0.3794829547405243,0,test
