ICD,alan,n,poz_oran,hint_ROC,hint_PR,tabfm_ROC,tabfm_PR
C,Neoplazm (kanser),393,0.473,0.536,0.539,0.537,0.535
D,Kan/bağışıklık,169,0.42,0.563,0.467,0.577,0.529
Z,Sağlık durumu,108,0.537,0.651,0.69,0.683,0.694
E,Endokrin/metabolik,102,0.676,0.565,0.748,0.679,0.794
G,Sinir sistemi,99,0.556,0.584,0.635,0.633,0.711
K,Sindirim,94,0.617,0.651,0.758,0.562,0.711
J,Solunum,75,0.68,0.518,0.708,0.573,0.812
M,Kas-iskelet,71,0.69,0.529,0.692,0.618,0.781
H,H,68,0.632,0.618,0.749,0.628,0.776
F,Ruhsal,67,0.537,0.542,0.602,0.531,0.647
I,Dolaşım,66,0.515,0.567,0.619,0.622,0.635
L,Deri,65,0.754,0.688,0.871,0.633,0.847
B,B,56,0.643,0.749,0.782,0.776,0.856
S,S,55,0.455,0.502,0.476,0.723,0.74
