feature_set,n_feat,model,val_ROC,val_PR,ROC,PR,F1
meta,30,LogReg,0.6598,0.662,0.6106,0.6472,0.7053
meta,30,RandomForest,0.6605,0.6544,0.5906,0.6277,0.7029
meta,30,ExtraTrees,0.6426,0.5988,0.5781,0.6079,0.7013
meta,30,HistGBM,0.6715,0.6547,0.5989,0.6428,0.6891
meta,30,kNN,0.6771,0.6556,0.6188,0.6526,0.6822
meta,30,GaussianNB,0.6448,0.6091,0.6085,0.6399,0.7085
meta,30,MLP,0.659,0.6349,0.6101,0.6395,0.6965
meta+prot,37,LogReg,0.6722,0.6646,0.6065,0.6458,0.705
meta+prot,37,RandomForest,0.67,0.6773,0.5884,0.6405,0.7148
meta+prot,37,ExtraTrees,0.6631,0.6544,0.5874,0.6349,0.7152
meta+prot,37,HistGBM,0.6493,0.637,0.5801,0.6266,0.7142
meta+prot,37,kNN,0.6676,0.6401,0.61,0.6414,0.7085
meta+prot,37,GaussianNB,0.6799,0.6413,0.6145,0.6368,0.7141
meta+prot,37,MLP,0.6674,0.6138,0.5909,0.6352,0.6714
meta+rdkit_key,54,LogReg,0.6579,0.6522,0.6028,0.6439,0.702
meta+rdkit_key,54,RandomForest,0.6792,0.6704,0.597,0.6389,0.6518
meta+rdkit_key,54,ExtraTrees,0.6616,0.6247,0.5909,0.621,0.679
meta+rdkit_key,54,HistGBM,0.706,0.6882,0.5978,0.6338,0.6716
meta+rdkit_key,54,kNN,0.6727,0.6456,0.5832,0.6274,0.6611
meta+rdkit_key,54,GaussianNB,0.6463,0.5914,0.6066,0.645,0.7079
meta+rdkit_key,54,MLP,0.6334,0.6022,0.5873,0.6331,0.7012
meta+rdkit_full,54,LogReg,0.6579,0.6522,0.6028,0.6439,0.702
meta+rdkit_full,54,RandomForest,0.6792,0.6704,0.597,0.6389,0.6518
meta+rdkit_full,54,ExtraTrees,0.6616,0.6247,0.5909,0.621,0.679
meta+rdkit_full,54,HistGBM,0.706,0.6882,0.5978,0.6338,0.6716
meta+rdkit_full,54,kNN,0.6727,0.6456,0.5832,0.6274,0.6611
meta+rdkit_full,54,GaussianNB,0.6463,0.5914,0.6066,0.645,0.7079
meta+rdkit_full,54,MLP,0.6334,0.6022,0.5873,0.6331,0.7012
meta+morgan,286,LogReg,0.6613,0.6476,0.5998,0.6478,0.6997
meta+morgan,286,RandomForest,0.6977,0.6764,0.5883,0.6329,0.6648
meta+morgan,286,ExtraTrees,0.672,0.6256,0.5729,0.6092,0.6627
meta+morgan,286,HistGBM,0.7172,0.7066,0.5963,0.6435,0.6859
meta+morgan,286,kNN,0.6583,0.6266,0.5803,0.6327,0.7059
meta+morgan,286,GaussianNB,0.6555,0.6294,0.581,0.6305,0.7115
meta+morgan,286,MLP,0.6959,0.6631,0.586,0.6523,0.6245
meta+gram,4830,LogReg,0.6572,0.5875,0.5996,0.6388,0.6632
meta+gram,4830,RandomForest,0.6704,0.6567,0.595,0.6403,0.6997
meta+gram,4830,ExtraTrees,0.643,0.5925,0.5858,0.6227,0.6988
meta+gram,4830,HistGBM,0.6729,0.6598,0.6176,0.6604,0.6921
meta+gram,4830,kNN,0.691,0.6584,0.6351,0.6667,0.7015
meta+gram,4830,GaussianNB,0.6693,0.6004,0.5939,0.6255,0.6451
meta+gram,4830,MLP,0.6452,0.5863,0.6057,0.6357,0.7029
meta+rdkit+prot (default),61,LogReg,0.6755,0.651,0.6003,0.6414,0.7045
meta+rdkit+prot (default),61,RandomForest,0.7016,0.6768,0.5731,0.6321,0.7035
meta+rdkit+prot (default),61,ExtraTrees,0.6941,0.68,0.5852,0.6408,0.7032
meta+rdkit+prot (default),61,HistGBM,0.7028,0.6715,0.5776,0.6403,0.6985
meta+rdkit+prot (default),61,kNN,0.6636,0.6279,0.6032,0.6428,0.7135
meta+rdkit+prot (default),61,GaussianNB,0.6648,0.6071,0.6092,0.6365,0.7018
meta+rdkit+prot (default),61,MLP,0.613,0.587,0.5385,0.5943,0.6971
meta+rdkit+morgan+gram,5110,LogReg,0.6494,0.5892,0.5941,0.6345,0.6795
meta+rdkit+morgan+gram,5110,RandomForest,0.6938,0.6647,0.604,0.642,0.673
meta+rdkit+morgan+gram,5110,ExtraTrees,0.6811,0.6267,0.5924,0.632,0.6583
meta+rdkit+morgan+gram,5110,HistGBM,0.7213,0.7145,0.6111,0.659,0.6657
meta+rdkit+morgan+gram,5110,kNN,0.7124,0.6808,0.6174,0.6565,0.6844
meta+rdkit+morgan+gram,5110,GaussianNB,0.6606,0.5934,0.5965,0.6287,0.6423
meta+rdkit+morgan+gram,5110,MLP,0.6469,0.586,0.601,0.6408,0.6883
ALL,5117,LogReg,0.6557,0.59,0.5941,0.6337,0.6741
ALL,5117,RandomForest,0.7141,0.6952,0.5989,0.6456,0.6689
ALL,5117,ExtraTrees,0.7047,0.684,0.5894,0.6376,0.6461
ALL,5117,HistGBM,0.7193,0.7025,0.6033,0.6537,0.7005
ALL,5117,kNN,0.7111,0.6809,0.6193,0.6574,0.6945
ALL,5117,GaussianNB,0.6858,0.6219,0.62,0.651,0.6716
ALL,5117,MLP,0.6538,0.5848,0.599,0.6313,0.6904
icd_chapter_only,25,LogReg,0.6405,0.6179,0.6057,0.6339,0.7138
icd_chapter_only,25,RandomForest,0.621,0.5914,0.6015,0.6325,0.7124
icd_chapter_only,25,ExtraTrees,0.6217,0.5928,0.602,0.6347,0.7124
icd_chapter_only,25,HistGBM,0.626,0.5949,0.6044,0.634,0.7138
icd_chapter_only,25,kNN,0.6128,0.5933,0.5937,0.6272,0.7138
icd_chapter_only,25,GaussianNB,0.6223,0.586,0.6054,0.6342,0.7138
icd_chapter_only,25,MLP,0.6297,0.6013,0.604,0.6333,0.7138
icd_count_only,5,LogReg,0.6206,0.5587,0.5489,0.5937,0.6982
icd_count_only,5,RandomForest,0.5983,0.5249,0.546,0.5769,0.7005
icd_count_only,5,ExtraTrees,0.6041,0.53,0.5457,0.5749,0.6971
icd_count_only,5,HistGBM,0.6077,0.5358,0.5581,0.5921,0.708
icd_count_only,5,kNN,0.5992,0.5366,0.5561,0.5892,0.6942
icd_count_only,5,GaussianNB,0.5775,0.5258,0.5448,0.5909,0.7146
icd_count_only,5,MLP,0.6377,0.5659,0.5533,0.5897,0.7144
