representation,classifier,seed,test_roc,test_pr,test_f1
chapter,LogReg,2023,0.6091,0.6556,0.7133
chapter,RandForest,2023,0.571,0.6175,0.7088
chapter,MLP,2023,0.5233,0.5711,0.7113
category3,LogReg,2023,0.546,0.5908,0.7133
category3,RandForest,2023,0.5416,0.6024,0.7119
category3,MLP,2023,0.5461,0.5766,0.6874
full_code,LogReg,2023,0.5517,0.6001,0.7133
full_code,RandForest,2023,0.5508,0.5985,0.7075
full_code,MLP,2023,0.5624,0.6033,0.7133
icd2vec_64,LogReg,2023,0.5591,0.5997,0.6876
icd2vec_64,RandForest,2023,0.5596,0.6094,0.7121
icd2vec_64,MLP,2023,0.5629,0.6204,0.7077
chapter,LogReg,2024,0.6091,0.6556,0.7133
chapter,RandForest,2024,0.5725,0.6183,0.6926
chapter,MLP,2024,0.597,0.629,0.7073
category3,LogReg,2024,0.546,0.5908,0.7133
category3,RandForest,2024,0.5452,0.6064,0.7085
category3,MLP,2024,0.5299,0.5938,0.7116
full_code,LogReg,2024,0.5517,0.6001,0.7133
full_code,RandForest,2024,0.5548,0.602,0.7088
full_code,MLP,2024,0.5784,0.6116,0.7125
icd2vec_64,LogReg,2024,0.5591,0.5997,0.6876
icd2vec_64,RandForest,2024,0.5592,0.6082,0.7121
icd2vec_64,MLP,2024,0.5115,0.5909,0.7069
chapter,LogReg,2025,0.6091,0.6556,0.7133
chapter,RandForest,2025,0.5712,0.6152,0.7064
chapter,MLP,2025,0.544,0.594,0.7125
category3,LogReg,2025,0.546,0.5908,0.7133
category3,RandForest,2025,0.5451,0.6073,0.71
category3,MLP,2025,0.5425,0.5809,0.7101
full_code,LogReg,2025,0.5517,0.6001,0.7133
full_code,RandForest,2025,0.5533,0.6018,0.7095
full_code,MLP,2025,0.5544,0.5988,0.7138
icd2vec_64,LogReg,2025,0.5591,0.5997,0.6876
icd2vec_64,RandForest,2025,0.5636,0.6125,0.7121
icd2vec_64,MLP,2025,0.5473,0.6185,0.7064
chapter,LogReg,2026,0.6091,0.6556,0.7133
chapter,RandForest,2026,0.5715,0.6142,0.7088
chapter,MLP,2026,0.601,0.6493,0.7061
category3,LogReg,2026,0.546,0.5908,0.7133
category3,RandForest,2026,0.542,0.6054,0.7096
category3,MLP,2026,0.5343,0.5776,0.6845
full_code,LogReg,2026,0.5517,0.6001,0.7133
full_code,RandForest,2026,0.5526,0.5982,0.7088
full_code,MLP,2026,0.5451,0.6084,0.714
icd2vec_64,LogReg,2026,0.5591,0.5997,0.6876
icd2vec_64,RandForest,2026,0.5615,0.6087,0.7121
icd2vec_64,MLP,2026,0.522,0.5984,0.7077
chapter,LogReg,2027,0.6091,0.6556,0.7133
chapter,RandForest,2027,0.5683,0.6148,0.7075
chapter,MLP,2027,0.5668,0.6215,0.7125
category3,LogReg,2027,0.546,0.5908,0.7133
category3,RandForest,2027,0.5407,0.6035,0.7119
category3,MLP,2027,0.5695,0.6173,0.705
full_code,LogReg,2027,0.5517,0.6001,0.7133
full_code,RandForest,2027,0.5507,0.5966,0.7095
full_code,MLP,2027,0.5587,0.601,0.7113
icd2vec_64,LogReg,2027,0.5591,0.5997,0.6876
icd2vec_64,RandForest,2027,0.553,0.6052,0.7134
icd2vec_64,MLP,2027,0.5699,0.6309,0.7044
